Date,FL,NY,PA,VA,WV,IL,IN,KS,KY,MI,MO,NE,ND,OH,OK,SD,TN,AL,AR,LA,MS,NM,TX,CO,MT,UT,WY,AK,AZ,CA,NV
1981/01,3606,71,317,1,248,2000,438,5151,486,2827,19,554,3787,1148,12139,78,71,1940,1552,17316,2708,6286,80609,2506,2416,2150,11089,49789,28,30297,69
1981/02,3162,68,286,1,234,1775,374,4727,465,2493,17,504,3493,1036,12268,60,73,1661,1400,15648,2437,5593,72591,2255,2342,2170,10016,45346,24,27455,56
1981/03,3167,71,317,1,316,1960,435,5546,531,2807,19,566,3790,1148,13290,74,79,1715,1576,17431,2871,6105,80734,2527,2592,2150,11089,50150,23,30515,58
1981/04,3064,69,306,1,241,2040,402,5524,555,2720,19,560,3805,1111,11905,79,69,1647,1486,16792,2763,5902,77344,2478,2501,2160,10731,48235,28,29540,57
1981/05,3052,71,317,1,294,2095,400,5400,530,2763,19,554,3974,1148,13000,79,71,1620,1576,17344,2894,6053,79890,2498,2626,2150,11089,48977,30,31203,56
1981/06,2856,69,306,1,278,1930,410,5493,635,2682,19,548,3839,1111,12891,79,73,1767,1486,16385,2732,5767,77030,2445,2570,2160,10731,48967,29,30366,57
1981/07,2833,71,317,1,293,2030,419,5438,590,2779,19,548,3841,1148,11698,85,79,1804,1576,16650,2837,5937,78640,2523,2601,2150,11089,49761,29,31383,56
1981/08,2650,71,317,1,267,2090,428,5643,546,2775,19,578,3836,1148,13719,86,78,1764,1576,16671,3006,6012,78356,2495,2630,2150,11089,49675,33,31158,58
1981/09,2612,69,306,1,288,1980,406,5584,558,2739,19,560,3789,1111,13565,84,77,1732,1486,16174,2915,5834,76017,2464,2513,2160,10731,48212,31,30184,60
1981/10,2709,71,317,1,424,2050,323,5787,547,2741,19,580,3879,1148,13165,85,82,1624,1576,16503,3053,6058,78364,2774,2727,2150,11089,49491,33,31316,58
1981/11,2563,69,306,1,266,2025,404,5566,558,2617,19,547,3626,1147,13125,84,80,1659,1486,16090,2976,5853,75135,2630,2572,2160,10731,48427,35,30525,60
1981/12,2499,71,317,2,324,2115,282,5951,547,2722,19,572,3765,1147,13291,100,86,1747,1576,16575,3012,6168,77640,2708,2723,2150,11089,50307,34,31428,55
1982/01,2378,71,364,4,249,1857,472,5521,489,2427,17,561,3543,1237,13092,97,70,1635,1601,15735,2784,6002,77306,2609,2538,1948,10047,52846,30,31352,55
1982/02,2154,65,330,4,254,1684,427,5119,496,2624,15,533,3409,1118,14030,86,61,1603,1446,14703,2506,5486,70503,2352,2436,1760,9075,47783,27,28702,46
1982/03,2381,71,364,4,276,2362,472,6200,617,2696,17,606,3807,1237,13425,105,79,1687,1601,16476,2842,6183,78298,2725,2640,1948,10047,52591,29,31271,54
1982/04,2154,68,351,4,272,2258,458,5965,607,2508,17,593,3740,1198,10795,101,88,1567,1549,15878,2510,6048,75983,2639,2584,1885,9724,50743,29,30572,48
1982/05,2204,71,364,4,241,2221,472,5935,601,2517,17,595,3932,1237,14153,99,108,1769,1601,16233,2850,6059,77507,2654,2602,1948,10047,52921,29,31639,47
1982/06,2141,68,351,5,230,2370,458,6055,636,2828,17,569,3905,1198,13316,101,110,1710,1549,15611,2779,5828,74349,2621,2562,1885,9724,49951,27,30756,47
1982/07,2170,71,364,4,279,2477,472,6192,609,2697,17,588,4048,1237,13055,100,101,1856,1601,16131,2885,5963,76378,2600,2655,1949,10047,53015,30,31758,47
1982/08,2063,71,364,4,295,2528,472,5951,659,2772,17,581,4141,1237,13083,102,104,1684,1601,15912,2889,6015,76110,2554,2685,1949,10047,52615,29,31835,50
1982/09,2008,68,351,4,290,2512,458,5985,643,2631,17,557,4068,1198,13692,95,110,1548,1549,15328,2734,5849,74624,2469,2546,1385,9724,51147,28,31048,45
1982/10,2049,71,364,4,291,2554,472,5943,640,2717,17,574,4180,1238,13533,92,103,1499,1601,16066,2834,6219,76561,2534,2590,1949,10047,52879,26,32065,51
1982/11,1878,68,351,4,281,2471,458,5844,704,2633,17,554,4119,1198,13205,89,96,1713,1549,15326,2726,6076,74496,2401,2523,1885,9724,50272,26,30762,58
1982/12,2046,71,364,4,269,2416,472,5815,648,2412,17,561,4379,1238,13242,91,102,1743,1601,15350,2708,5296,76102,2387,2560,1949,10047,52147,25,31416,65
1983/01,1897,71,364,6,289,2582,397,6303,711,2919,23,562,4330,1272,13528,93,94,1728,1601,15166,2611,6290,75776,2501,2614,2281,9966,53692,25,31302,58
1983/02,1767,62,326,6,259,2319,450,5462,649,2536,19,509,3983,1148,12578,89,76,1507,1446,13871,2434,5798,69034,2218,2261,2257,9522,48074,21,28479,50
1983/03,1908,71,364,5,386,2560,339,6084,725,2434,22,542,4419,1272,13747,97,102,1599,1601,15382,2683,6458,76046,2384,2451,2419,10098,53701,24,31133,53
1983/04,1757,68,352,5,314,2352,620,5982,663,2814,22,530,4269,1230,13678,96,96,1557,1549,14924,2551,6211,73833,2313,2609,2401,9611,51622,12,30764,46
1983/05,1683,71,364,5,311,2436,427,5948,669,2719,22,547,4244,1272,13379,101,99,1644,1601,15398,2597,6307,75263,2400,2435,2408,10106,51531,17,32131,50
1983/06,1577,68,352,5,288,2460,486,5837,657,2687,23,522,4154,1230,13345,98,106,1521,1549,14643,2486,6086,73020,2321,2366,2357,9882,50617,20,31069,47
1983/07,1538,71,364,6,304,2467,434,6063,620,2579,23,543,4247,1272,12823,98,92,1592,1601,15178,2641,6303,74932,2634,2443,2465,10179,53176,20,31880,49
1983/08,1581,71,364,5,338,2541,495,6344,678,2487,23,545,4204,1272,13985,103,94,1588,1601,15381,2689,6440,74393,2447,2468,2483,9984,52615,20,31826,57
1983/09,1561,68,352,5,333,2459,408,5967,647,2662,23,532,4164,1230,13049,100,80,1432,1549,14863,2625,6266,72726,2473,2324,2460,9941,52126,20,31075,71
1983/10,1526,71,364,5,282,2449,482,6042,638,2712,23,548,4339,1272,13301,104,76,1519,1601,15417,2731,6554,74850,2557,2521,2733,10112,53718,21,32009,114
1983/11,1406,68,352,6,263,2462,435,5932,641,2608,23,520,4184,1230,13933,97,74,1565,1549,14751,2674,6332,72827,2459,2382,2824,9295,51602,18,30781,104
1983/12,1275,71,364,6,261,2113,348,5630,588,2579,23,480,4153,1271,11258,96,67,1494,1601,14643,2733,6124,70211,2343,2351,2446,9607,53053,19,31712,111
1984/01,1352,71,363,3,248,2311,276,6029,597,2685,18,529,4321,1270,13978,104,74,1624,1559,15254,2764,6529,76531,2367,2406,3074,10118,54305,20,31894,105
1984/02,1257,67,339,3,287,2032,414,6144,598,2518,17,504,4159,1187,14343,95,78,1578,1459,14591,2615,6332,70374,2288,2346,1869,9643,50709,20,29846,97
1984/03,1284,71,363,4,298,2382,581,5918,672,2618,18,545,4461,1270,13633,101,81,1590,1559,15790,2841,6746,75510,2522,2495,1941,10402,48671,18,31944,104
1984/04,1247,69,351,3,285,2326,518,6365,623,2600,17,500,4261,1229,14205,102,79,1533,1509,15457,2653,6396,72756,2435,2460,1754,10101,53097,19,31075,103
1984/05,1216,71,363,2,301,2399,459,6694,640,2748,23,545,4431,1308,14089,114,85,1673,1600,16005,2796,6681,74806,2500,2588,3000,10628,54687,18,32305,109
1984/06,1159,69,351,2,266,2352,447,6375,664,2560,22,533,4337,1265,14001,114,75,1583,1548,15462,2694,6478,72228,2433,2436,3877,10324,49771,18,31506,122
1984/07,1173,71,363,2,273,2470,454,6294,669,2521,29,538,4533,1304,14519,114,80,1753,1600,15566,2855,6674,74382,2395,2472,3220,11542,52536,18,32193,150
1984/08,1128,71,363,3,284,2534,515,6551,706,2524,29,547,4579,1304,12207,117,76,1681,1600,15831,2809,6707,74123,2368,2460,3238,10202,53393,18,32478,185
1984/09,1162,69,351,3,363,2408,282,6039,616,2568,27,549,4332,1262,15259,112,71,1669,1548,15782,2696,6484,71958,2346,2408,3158,10498,52819,18,31288,216
1984/10,1178,71,363,2,329,2623,638,6628,714,2568,29,565,4515,1305,13941,121,80,1662,1600,16100,2730,6806,74016,2424,2636,3187,10486,53677,17,32928,237
1984/11,1149,69,351,2,296,2476,481,6342,600,2344,27,548,4299,1262,14265,122,71,1695,1548,15311,2641,6645,72024,2343,2515,3219,10093,53420,15,31822,236
1984/12,1157,71,363,3,294,2555,461,6350,678,2300,29,549,4424,1305,13945,124,70,1763,1600,15862,2682,6858,74466,2424,2539,3152,10232,53316,16,32342,243
1985/01,1062,92,412,3,268,2279,282,6087,552,2324,16,557,4367,1273,13829,126,74,1761,1501,15394,2593,6790,73331,2664,2545,3213,10928,51059,14,32492,232
1985/02,939,83,372,2,252,2062,356,5604,506,2103,12,514,3919,1149,12250,121,59,1634,1377,14082,2370,6064,66371,2301,2341,2982,9945,52563,12,30091,212
1985/03,1029,92,412,3,346,2537,572,6311,675,2283,14,588,4425,1273,13910,141,75,1862,1528,15871,2619,6825,74105,2626,2564,3355,11184,57859,15,32925,245
1985/04,1004,89,399,2,325,2600,455,6580,697,2173,13,580,4259,1232,13782,139,74,1761,1597,15372,2488,6593,73839,2569,2409,3185,10702,53510,14,32173,240
1985/05,1007,92,412,2,300,2591,448,6642,677,2350,15,605,4347,1273,14210,136,70,1886,1650,15800,2554,6697,74004,2608,2576,3379,11097,58532,14,33536,239
1985/06,969,89,399,2,293,2450,419,6044,642,2315,18,569,4257,1232,12834,131,64,1751,1597,15298,2547,6414,70958,2462,2438,3366,10502,56118,14,32302,251
1985/07,890,84,412,2,302,2706,516,6218,714,2343,29,586,4332,1273,13647,139,64,1863,1650,15897,2637,6574,73337,2486,2508,3526,10885,56079,14,33154,272
1985/08,885,84,412,2,312,2652,441,6517,684,2377,32,601,4346,1273,13917,135,66,1808,1650,15141,2616,6613,73533,2539,2558,3558,10979,55642,18,33350,281
1985/09,912,82,399,2,293,2551,435,6247,667,2277,29,583,4184,1232,12879,131,64,1767,1597,15078,2516,6361,70643,2455,2478,3565,10730,56008,13,32739,251
1985/10,955,96,412,2,330,2726,436,6746,700,2323,23,609,4318,1273,14263,134,64,1820,1650,15110,2619,6553,73585,2552,2537,3582,11011,57338,16,34104,253
1985/11,875,92,399,2,255,2571,427,5931,587,2252,22,572,4097,1232,13161,129,60,1680,1597,16226,2506,6345,71690,2457,2397,3487,10297,54121,15,32908,263
1985/12,931,96,411,2,279,2540,381,6480,689,2180,20,579,4006,1273,14057,134,52,1988,1650,15140,2576,6701,73822,2527,2417,3594,10254,57404,16,34228,300
1986/01,942,72,321,2,283,2664,262,6701,636,2235,18,640,4139,1142,14501,137,61,1917,1451,16012,2614,6798,74135,2640,2448,3651,11049,57973,16,34258,305
1986/02,808,69,292,1,263,2650,547,5710,552,2045,17,573,3758,1028,12593,125,52,1768,1322,14544,2384,6154,66752,2358,2210,3333,9666,53402,13,31042,266
1986/03,854,72,321,2,283,2502,232,6171,583,2251,9,642,4065,1142,13754,142,54,1953,1424,15939,2569,6743,73344,2640,2420,3554,10988,57673,15,33669,262
1986/04,842,70,311,1,294,2376,559,5879,582,2152,8,567,3908,1105,12799,124,57,1812,1352,15157,2529,6305,69397,2473,2318,3395,10441,55092,14,31879,231
1986/05,889,72,321,2,266,2267,381,5727,552,2267,8,627,3979,1142,12577,124,54,1834,1376,15283,2585,6503,70407,2529,2338,3449,10535,59748,15,32521,236
1986/06,824,70,311,1,246,2201,361,5542,552,2179,8,586,3786,1105,12058,128,55,1717,1292,14243,2435,6316,66802,2393,2233,2931,10044,56597,14,31129,220
1986/07,804,72,321,2,269,2241,527,5643,553,2182,8,596,3777,1142,12380,132,59,1780,1287,15834,2505,6344,68621,2406,2264,3243,10228,58980,14,31790,224
1986/08,752,72,321,2,235,2017,371,5188,497,2149,7,593,3727,1142,11618,135,47,1786,1285,14925,2533,6132,67529,2410,2237,3163,10039,56146,13,30754,217
1986/09,569,70,311,1,269,2158,227,5260,503,2011,7,567,3527,1105,11599,132,52,1651,1251,14255,2456,5941,64891,2316,2159,2968,9559,53449,12,29780,204
1986/10,697,72,321,2,278,2158,368,5097,528,2129,7,582,3666,1142,11965,137,56,1564,1292,14597,2515,6284,66638,2431,2195,3143,9947,59748,11,30758,236
1986/11,709,70,311,1,209,1901,477,4842,438,2027,6,556,3599,1105,11103,135,44,1631,1185,15172,2473,6027,64604,2322,2093,3174,9579,56483,12,29661,252
1986/12,693,72,321,1,250,2110,447,5274,499,2061,7,569,3697,1142,12158,135,53,1709,1261,15830,2399,6165,66475,2391,2157,3168,9262,56019,12,30818,254
1987/01,689,56,265,1,234,2000,333,5176,462,2275,7,540,3659,1009,10947,137,49,1733,1193,14816,2426,6127,66135,2382,2148,3231,10048,62598,11,30621,267
1987/02,590,56,258,1,229,1898,330,4710,459,2016,8,484,3291,977,10640,123,56,1579,1077,13477,2178,5566,60010,2169,1966,2851,8951,51879,10,28128,239
1987/03,701,64,288,1,259,2080,343,4604,493,2218,8,510,3617,1123,12093,134,55,1783,1267,15650,2423,6182,66167,2422,2173,2875,9822,61007,11,31106,266
1987/04,685,63,300,2,236,1985,345,5324,477,2168,7,510,3514,1023,11675,132,45,1669,1225,14868,2326,5903,63738,2349,2104,2943,9516,59707,10,30062,255
1987/05,728,64,280,1,237,1982,205,5004,489,2219,6,521,3546,1040,11055,141,45,1766,1244,14701,2429,6057,64459,2409,2142,3100,9727,61357,11,30965,264
1987/06,657,65,285,1,228,1995,313,5005,477,2175,9,509,3382,1007,11178,139,51,1741,1167,14004,2331,5805,61837,2396,2041,2927,9380,57899,11,29950,244
1987/07,703,59,279,1,247,2050,342,5199,493,2198,11,514,3509,1010,11416,141,54,1803,1184,14758,2447,6064,63677,2468,2091,3056,9632,59202,11,30897,260
1987/08,701,61,274,1,234,2007,213,4972,473,2199,14,506,3382,1006,11193,141,47,1778,1142,14846,2334,6134,63399,2465,2098,2934,9705,59143,11,30919,263
1987/09,686,57,269,2,239,1983,330,5008,471,2118,11,494,3338,989,10973,133,55,1692,1167,14132,2254,6036,61622,2423,2022,2986,9260,56232,11,29985,259
1987/10,713,56,274,1,240,2000,334,5099,490,2172,10,509,3399,1017,11624,142,54,1594,1204,15061,2350,6287,64129,2492,2120,3079,9819,61563,12,31126,269
1987/11,698,52,245,1,216,1900,308,4762,447,2089,7,491,3290,942,10791,137,50,1711,1173,14172,2250,6011,62107,2307,2063,2890,9535,62042,10,30043,258
1987/12,720,57,285,3,236,2100,342,5022,512,2125,11,504,3424,1010,10793,143,53,1758,1189,14542,2355,6156,63682,2520,2092,2917,9871,63325,11,30807,268
1988/01,712,44,215,1,205,1839,293,4872,400,2053,14,475,3356,980,10937,149,48,1827,1161,14368,2344,6162,63922,2528,2042,2918,10046,61971,10,30547,261
1988/02,652,47,230,1,229,1821,281,4872,441,1950,13,459,3159,996,10958,138,50,1703,1203,13547,2191,5821,59979,2510,1918,2740,9400,60020,10,28559,242
1988/03,685,53,262,3,252,2000,422,5201,432,2070,12,477,3379,1094,11222,144,50,1744,1219,14463,2319,6195,63853,2743,2040,2859,9940,64668,10,30678,263
1988/04,641,48,242,5,223,1876,303,4976,497,1977,13,473,3292,994,10924,138,55,1674,1190,13835,2255,5871,61281,2719,1947,2824,9756,60877,8,29347,259
1988/05,672,54,253,2,222,1931,310,5077,473,1969,16,497,3413,986,11252,141,51,1625,1217,14283,2292,5944,62750,2753,2020,2957,9922,62492,10,30380,272
1988/06,658,51,262,2,228,1971,320,5065,490,1923,14,491,3289,1033,10763,134,49,1712,1106,13341,2189,5831,60347,2760,1933,2740,9456,59523,9,29348,266
1988/07,683,44,234,1,206,1844,258,4802,444,1932,14,506,3348,945,10588,135,48,1835,1077,13700,2300,5931,61624,2796,1970,2759,9645,60764,10,30208,277
1988/08,668,47,251,2,228,1970,310,5053,476,1886,13,518,3324,982,10814,138,53,1781,1047,14248,2508,6020,61476,2789,1977,2757,9356,62268,9,30011,284
1988/09,627,44,230,1,209,1860,298,4745,454,1876,13,500,3174,971,10284,132,50,1754,1095,12541,2240,5789,59019,2671,1878,2632,9069,60584,10,28861,275
1988/10,573,44,227,3,214,1790,286,4765,440,1898,11,532,3292,964,10370,139,46,1706,1091,13530,2352,5997,61450,2758,1911,2719,9385,62315,10,29837,283
1988/11,573,45,213,2,194,1779,288,4569,445,1830,14,516,3146,836,10100,134,53,1691,1071,13428,2239,5758,59159,2649,1837,2562,8907,60800,9,28237,274
1988/12,601,42,207,2,212,1795,296,4828,467,1886,10,534,3171,934,10660,138,48,1745,1128,13721,2324,5915,60635,2675,1868,2549,9102,61862,9,28718,275
1989/01,650,44,216,3,205,1861,299,4876,467,1969,11,561,3178,984,10735,136,49,1743,1012,13695,2320,6132,60740,2730,1844,2528,9462,60692,9,28431,271
1989/02,558,36,205,2,178,1505,252,4104,375,1719,12,484,2827,805,8762,123,42,1553,893,11840,2062,5339,53515,2368,1600,2237,8280,54939,8,25735,242
1989/03,612,45,238,2,206,1752,309,4946,480,1869,9,533,3149,954,10466,135,52,1746,987,13212,2290,5977,59812,2680,1813,2486,9381,52265,10,28413,266
1989/04,594,41,221,2,192,1638,263,4715,623,1787,10,532,2989,860,10096,127,46,1696,951,12927,2270,5681,57725,2622,1769,2309,9025,56700,11,27494,253
1989/05,638,50,256,2,192,1768,297,4849,468,1828,14,532,3089,912,10202,139,46,1731,990,13255,2324,5918,59073,2666,1824,2495,9276,61174,13,28341,270
1989/06,588,47,248,2,191,1706,286,4641,451,1823,10,536,2943,868,9692,131,44,1668,937,12747,2345,5585,56383,2553,1760,2068,8870,55828,13,27260,257
1989/07,598,41,200,2,181,1749,278,4636,439,1807,12,538,3133,790,9870,138,44,1767,980,13275,2344,5765,58015,2546,1766,2437,9107,53484,13,28143,269
1989/08,608,45,247,2,191,1782,284,4780,458,1840,12,522,3098,870,9816,135,42,1750,982,12764,2380,5737,57916,2557,1760,2433,8705,57963,13,28112,285
1989/09,626,40,224,1,184,1699,260,4483,413,1735,10,505,2980,808,9540,131,43,1637,916,12389,2257,5534,55717,2424,1706,2365,8877,56260,11,26915,290
1989/10,665,38,236,2,192,1757,285,4642,455,1816,11,515,3159,830,9903,138,46,1495,882,12506,2361,5793,57467,2580,1751,2425,9031,58198,13,27820,291
1989/11,586,38,222,1,184,1708,271,4525,422,1686,12,484,3084,810,9456,137,42,1472,887,12595,2236,5642,55925,2478,1674,2207,8731,57449,12,26858,265
1989/12,566,33,185,2,147,1453,227,4288,363,1689,10,488,3115,724,8955,142,36,1555,844,12090,2214,5611,55881,2451,1689,2425,8970,59027,11,27652,257
1990/01,589,40,253,2,194,1849,286,4760,471,1766,15,496,3121,991,10401,143,47,1612,844,12614,2267,5781,58072,2567,1705,2401,8987,57786,10,27322,314
1990/02,553,33,208,2,178,1578,238,4211,392,1537,11,453,2827,799,8616,130,42,1467,951,11568,2034,5211,52687,2349,1554,2227,8097,51350,10,24750,311
1990/03,497,33,228,2,194,1737,262,4639,446,1716,13,500,3137,915,9556,143,45,1615,1044,12577,2264,5766,57594,2646,1708,2410,8979,56381,11,27453,313
1990/04,538,33,215,1,176,1595,246,4500,436,1625,12,492,3026,813,9145,133,47,1558,855,12058,2271,5499,55382,2557,1631,2294,8578,54069,12,26530,325
1990/05,522,34,227,2,177,1628,251,4651,440,1701,12,500,3121,796,9572,133,43,1622,901,12563,2272,5671,57044,2659,1685,2388,8952,54725,9,27310,343
1990/06,466,31,210,1,165,1569,243,4389,425,1583,12,482,2994,814,8998,130,38,1463,844,11997,2225,5407,54665,2514,1592,2279,8586,48373,12,26307,337
1990/07,451,32,207,1,155,1761,156,4640,449,1639,10,507,3071,727,9399,134,45,1532,897,12250,2256,5560,56603,2561,1669,2293,8592,52286,11,26962,331
1990/08,396,34,242,1,188,1760,297,4902,466,1656,12,513,3103,905,9822,140,46,1526,849,12503,2341,5657,57292,2552,1684,2291,8715,53538,11,27004,356
1990/09,389,32,217,1,177,1623,251,4524,448,1553,12,497,3020,811,9038,135,36,1551,794,12186,2219,5454,55515,2528,1628,2218,8382,51046,9,26124,338
1990/10,401,38,227,1,198,1711,280,5014,517,1665,12,504,3139,875,9758,145,42,1609,810,12606,2280,5836,58804,2598,1680,2304,8859,58416,10,27482,358
1990/11,408,40,200,1,174,1682,265,4698,499,1606,14,474,3059,806,9394,142,40,1400,803,12192,2253,5660,56998,2505,1648,2255,8578,52373,10,26615,347
1990/12,465,35,207,1,167,1461,225,4500,420,1629,11,471,3099,756,8574,140,35,1583,794,12468,2352,5748,57822,2417,1626,2244,8551,56966,6,27009,338
1991/01,410,35,227,1,174,1549,227,4741,434,1649,13,485,3120,755,9197,144,37,1631,900,12555,2333,6044,59433,2602,1666,2251,8708,57283,10,27126,338
1991/02,358,37,214,1,157,1430,260,4691,425,1500,11,446,2847,776,8658,131,34,1495,827,11759,1947,5538,54071,2418,1539,2062,7879,53410,9,24735,311
1991/03,372,32,198,1,162,1662,254,4984,388,1563,12,494,3146,731,9505,142,43,1623,915,12500,2285,6080,59299,2664,1709,2277,8637,58496,10,27190,340
1991/04,419,35,219,2,169,1378,269,4914,545,1525,10,480,3033,798,9285,138,40,1491,824,12321,2314,5932,57138,2608,1645,2213,8344,53933,9,26396,329
1991/05,383,34,218,1,180,1701,246,4986,417,1518,13,493,3139,795,9405,138,42,1503,849,12501,2328,6026,58502,2720,1686,2033,8429,54890,11,27239,319
1991/06,192,35,201,1,153,1547,241,4645,443,1419,11,477,2997,733,8911,135,40,1511,806,12011,2274,5712,55333,2634,1589,2021,8115,52700,10,26378,278
1991/07,327,37,222,1,166,1751,265,4910,499,1491,14,492,3075,789,9207,144,41,1585,848,12183,2386,5790,57078,2646,1660,2097,8393,55039,8,27101,259
1991/08,379,37,213,1,156,1688,255,4847,475,1445,12,500,3037,767,9081,145,41,1619,855,12538,2322,5882,57332,2643,1656,2038,8502,53657,10,27264,256
1991/09,426,33,202,1,156,1589,248,4551,461,1353,14,485,2827,735,8574,133,40,1409,813,12226,2204,5680,55302,2551,1597,2022,8081,53604,9,26209,264
1991/10,496,42,229,1,178,1678,261,4712,325,1388,13,502,2928,810,8987,138,42,1460,901,12116,2236,5984,57160,2623,1639,1856,8289,57118,9,27033,254
1991/11,481,34,194,1,145,1512,230,4375,583,1315,13,480,2821,732,8542,135,43,1617,860,11904,2147,5752,55424,2557,1579,1797,8079,52952,7,26112,210
1991/12,482,36,194,1,167,1583,258,4572,490,1354,13,498,2921,735,8742,139,42,1693,907,12456,2279,5997,56544,2716,1614,1800,8472,53267,9,26714,255
1992/01,483,35,211,1,168,1604,250,4841,454,1408,11,487,2878,770,8762,138,44,1677,905,12445,2192,5903,56323,2566,1599,1664,8495,55457,9,26278,250
1992/02,444,22,162,1,168,1527,234,4319,440,1321,13,454,2707,737,8233,128,45,1533,861,11644,2021,5719,52552,2435,1487,1902,7877,52428,8,24461,237
1992/03,431,35,205,1,179,1618,265,4668,354,1365,13,478,2861,805,8968,131,41,1623,881,12339,2112,6048,56220,2532,1603,2028,8346,55345,8,26155,252
1992/04,429,32,189,1,183,1600,248,4589,575,1300,13,466,2745,813,8708,127,49,1589,882,11926,2072,5830,54054,2546,1541,1851,8044,52233,8,25256,271
1992/05,454,33,171,1,158,1592,241,4511,446,1344,12,476,2807,748,8524,132,46,1558,810,12225,2152,5991,54953,2561,1582,1991,8306,52152,8,26128,316
1992/06,457,36,184,1,160,1619,261,4459,451,1291,13,450,2685,787,8392,130,46,1547,779,11858,2118,5746,52661,2458,1504,1901,7943,51094,8,25157,305
1992/07,407,37,175,1,185,1652,253,4533,467,1342,12,458,2755,757,8630,129,38,1592,791,12254,2153,5888,54505,2477,1544,1959,8259,51291,8,25916,320
1992/08,456,37,171,1,180,1618,246,4375,482,1310,12,449,2772,733,8597,133,40,1591,893,11052,2134,5889,54719,2434,1573,1933,8127,50681,9,25680,324
1992/09,453,36,164,1,178,1609,248,4344,481,1274,12,443,2679,747,8187,125,40,1488,877,11242,2027,5679,52929,2468,1516,1876,7827,51011,8,24833,341
1992/10,469,37,170,1,184,1600,262,4421,458,1300,11,451,2737,797,8454,132,39,1620,897,12593,2123,5816,54834,2557,1551,1885,7973,52576,9,25620,360
1992/11,462,30,162,1,156,1610,238,4036,285,1096,10,429,2605,724,7755,125,36,1570,787,11421,1982,5626,52601,2335,1494,1848,7748,50213,7,24722,376
1992/12,479,34,173,1,168,1655,270,4517,586,1230,10,435,2662,778,8597,128,36,1637,897,12076,2095,5837,54274,2418,1487,1882,7866,52841,7,25282,369
1993/01,488,26,167,1,167,1486,247,4067,375,1179,10,421,2664,680,8208,128,36,1623,865,11798,2049,5848,54148,2454,1465,1930,7651,51284,6,24918,255
1993/02,385,23,147,1,170,1279,209,3584,445,1079,9,378,2441,604,7416,115,30,1427,789,10779,1858,5360,48839,2280,1349,1734,6597,45585,5,22584,163
1993/03,436,29,174,1,172,1551,129,4345,393,1220,12,422,2694,732,8746,131,34,1507,863,11959,2007,5912,53801,2573,1497,1940,7663,50812,6,24878,185
1993/04,453,31,183,1,178,1482,383,4250,516,1160,11,409,2553,726,8185,124,38,1469,843,11521,1928,5633,51690,2239,1450,1875,7279,47610,7,23763,186
1993/05,475,29,164,1,181,1447,230,4116,351,1142,11,424,2636,661,8103,124,33,1486,869,11963,1873,5580,52838,2870,1489,1838,7514,48606,7,24910,166
1993/06,449,33,178,1,161,1420,161,4190,486,1152,13,414,2573,719,8153,122,41,1471,796,11517,1832,5570,50734,2369,1429,1817,7377,45609,7,23671,141
1993/07,470,29,164,1,173,1450,235,4871,317,1153,10,417,2625,679,8268,125,35,1553,834,11728,1920,5712,51722,2429,1451,1836,7477,44683,6,24874,140
1993/08,489,30,171,1,177,1525,254,4112,443,1163,11,408,2587,661,8134,124,35,1656,832,11753,1814,5711,51853,2426,1504,1811,7375,47365,4,25025,137
1993/09,479,26,174,1,176,1505,228,4085,408,1050,12,391,2548,721,7889,125,34,1632,835,11221,1849,5531,50005,2347,1442,1735,7140,44123,6,24209,129
1993/10,501,27,184,0,171,1400,240,4005,293,1243,12,426,2626,727,8078,132,37,1662,826,11647,1832,5822,51726,2433,1491,1795,7330,49925,7,25114,132
1993/11,480,27,174,1,168,1460,215,3957,296,1225,11,375,2478,665,7765,126,35,1582,841,11226,1777,5766,50183,2452,1422,1714,6965,50103,6,24253,122
1993/12,499,26,156,1,154,1400,229,4043,272,1030,11,384,2490,708,7680,126,31,1610,782,11560,1874,5977,51551,2526,1459,1795,7301,51789,6,24891,123
1994/01,490,20,177,0,99,1262,186,3912,303,1072,10,377,2370,544,7919,124,24,1588,838,10975,1805,5803,51754,2395,1414,1766,7299,51398,4,24331,166
1994/02,482,20,182,1,156,1357,211,3500,431,982,10,335,2122,684,7124,114,33,1379,722,9858,1621,5238,46561,2283,1237,1617,6556,44718,4,21966,124
1994/03,494,22,220,1,170,1610,266,4115,57,1084,10,369,2341,861,8138,127,38,1523,879,10987,1770,5826,51465,2533,1414,1814,7057,49076,4,24233,135
1994/04,510,25,214,1,179,1479,213,3791,559,978,9,330,2280,753,7484,116,38,1494,884,10504,1591,5499,49384,2381,1340,1733,6742,45130,6,23622,125
1994/05,529,27,220,0,178,1495,230,4049,369,1040,10,365,2380,755,7934,123,34,1599,889,10729,1688,5570,50644,2562,1368,1766,6946,48916,6,24384,137
1994/06,491,25,227,1,175,1445,232,3898,331,992,10,347,2270,780,7668,119,32,1531,738,10296,1650,5324,48323,2381,1315,1693,6686,45502,6,23499,162
1994/07,527,27,205,1,147,1419,223,3973,276,1010,11,358,2333,716,7456,124,33,1563,740,10549,1677,5480,49488,2396,1408,1734,5874,46337,6,24253,167
1994/08,497,31,221,1,164,1469,239,4007,352,1027,12,355,2326,757,7551,123,38,1554,769,10723,1710,5522,49347,2379,1398,1729,6128,46487,7,24087,140
1994/09,487,26,211,1,171,1412,225,3853,271,1002,10,346,2246,697,7310,118,38,1475,809,10317,1641,5328,47681,2315,1371,1705,6632,45425,7,23449,141
1994/10,525,26,212,1,171,1387,173,3894,320,998,10,352,2339,715,7393,123,36,1491,732,10537,1650,5388,48888,2326,1446,1729,6715,49709,6,24344,139
1994/11,522,25,219,1,155,1379,231,3815,483,977,11,337,2244,719,7250,120,39,1550,793,10347,1630,5293,47771,2255,1390,1648,6422,45537,6,23472,127
1994/12,538,25,210,0,154,1435,64,3925,261,1045,10,345,2324,777,7746,123,35,1598,775,10661,1690,5575,49430,2407,1427,1727,6470,50714,5,24420,136
1995/01,514,25,157,1,156,1389,389,3826,332,956,9,339,2431,673,7405,124,32,1608,723,10602,1674,5342,49056,2566,1419,1740,6712,48819,4,23651,133
1995/02,474,21,138,1,157,1226,199,3585,388,931,9,308,2194,647,7049,110,29,1467,649,9590,1524,4935,44190,2311,1291,1553,7879,44178,5,21273,118
1995/03,521,27,179,1,192,1454,226,3836,210,1022,10,334,2479,780,7588,121,38,1606,727,10321,1667,5467,48410,2573,1431,1735,6394,47262,6,23395,122
1995/04,503,26,164,1,175,1337,208,3642,326,970,10,320,2508,690,7269,116,29,1560,696,9818,1636,5282,46696,2421,1380,1730,6232,45334,5,22880,113
1995/05,491,30,182,1,185,1369,224,3671,292,995,12,322,2498,739,7411,114,34,1654,710,10206,1674,5585,47706,2421,1402,1726,6477,47051,5,23741,115
1995/06,488,31,180,1,184,1336,214,3637,424,941,10,310,2345,707,7251,110,29,1500,675,10046,1736,5348,45594,2162,1353,1603,6481,44510,7,22931,109
1995/07,479,25,158,1,164,1353,220,3594,119,947,11,309,2418,641,7237,105,29,1620,880,10282,1646,5512,46681,2273,1393,1640,6573,43444,7,23529,111
1995/08,450,27,155,0,164,1408,229,3754,314,994,10,318,2494,708,7410,114,30,1557,768,10213,1673,5632,46620,2256,1408,1620,6443,44391,7,23714,110
1995/09,447,24,173,1,153,1348,211,3512,362,930,11,308,2418,672,6956,109,31,1552,731,9956,1625,5218,45107,2179,1365,1609,6403,41323,7,22981,102
1995/10,426,24,179,1,152,1357,230,3591,289,885,8,315,2526,699,7440,110,35,1536,777,10522,1712,5392,47110,2207,1401,1691,6514,45727,7,23905,105
1995/11,444,23,152,1,125,1332,217,3522,297,876,10,302,2471,670,7294,105,33,1534,779,10467,1651,5309,45725,2269,1326,1652,6274,44155,6,23100,102
1995/12,456,21,122,1,140,1281,208,3597,139,937,9,307,2552,631,7180,106,34,1536,795,10862,1692,5486,46751,2339,1359,1687,6503,45461,6,23877,103
1996/01,447,20,119,1,125,1225,212,3468,342,950,10,298,2565,673,7425,104,31,1461,861,10323,1636,5486,46721,2183,1283,1662,6345,44767,6,23740,99
1996/02,385,19,125,1,130,1110,201,3382,395,879,8,284,2419,678,6900,101,32,1305,764,10375,1520,5119,43547,2054,1234,1555,6041,42988,5,22245,91
1996/03,474,23,136,1,146,1375,202,3425,97,958,11,306,2663,727,7432,110,30,1500,806,11538,1706,5538,47159,2138,1349,1647,6155,45086,6,23968,91
1996/04,553,28,149,2,148,1260,216,3546,475,909,10,293,2618,778,7355,107,35,1449,782,10687,1625,5318,45382,2135,1325,1581,5947,41014,6,22753,90
1996/05,560,26,148,1,150,1310,196,3619,289,919,10,298,2708,712,7342,107,32,1459,796,11164,1615,5294,46406,2085,1370,1622,5995,41573,6,24068,89
1996/06,544,25,137,1,147,1295,194,3409,284,884,10,296,2674,611,6979,103,31,1394,763,10893,1530,5221,44396,2063,1322,1560,5837,42581,8,23325,86
1996/07,579,28,142,1,154,1310,224,3573,402,911,10,300,2807,654,7077,107,34,1394,747,11088,1618,5498,45439,2152,1382,1620,5968,40821,8,23865,87
1996/08,565,25,148,1,134,1400,218,3492,15,865,9,297,2820,654,7170,105,31,1446,680,11262,1621,5709,45202,2029,1390,1639,6325,41126,8,24082,86
1996/09,537,31,139,1,126,1390,214,3406,444,918,9,291,2761,698,6797,104,30,1364,680,11134,1591,5123,44037,2039,1344,1634,6151,42019,8,23235,89
1996/10,541,30,156,1,150,1360,226,3531,292,900,10,302,2872,744,7256,104,34,1417,672,11516,1737,5488,45663,2107,1343,1696,6112,42757,8,23888,90
1996/11,539,25,146,1,135,1290,197,3312,274,867,10,287,2674,662,6321,102,29,1334,638,10903,1644,5280,43803,1945,1258,1618,6158,42104,8,23379,78
1996/12,569,28,145,1,135,1250,223,3627,293,877,9,290,2734,714,7325,103,32,1343,626,11268,1666,5405,45587,2023,1319,1567,6330,43163,6,23862,82
1997/01,570,23,137,1,138,1240,175,3477,269,1112,10,284,2767,730,6997,104,31,1299,715,10944,1653,5967,45150,2169,1324,1624,6001,42767,6,23508,81
1997/02,494,22,119,1,121,1210,193,3168,149,823,9,261,2614,659,6481,101,29,1183,706,10358,1543,5523,41756,2023,1242,1497,5494,38746,7,21347,77
1997/03,543,22,134,1,127,1385,200,3646,258,683,10,290,2862,730,7448,115,31,1298,771,11302,1704,6037,45840,2275,1359,1615,6052,41262,6,23882,88
1997/04,541,18,133,1,124,1295,204,3508,344,455,9,274,2817,706,6862,106,32,1228,664,11273,1679,5924,44467,2189,1274,1461,5766,39915,6,23260,82
1997/05,542,22,100,1,124,1330,202,3507,275,1268,11,284,3072,730,7359,116,33,1269,746,11614,1741,6082,45629,2135,1293,1647,6088,40404,7,23903,100
1997/06,533,30,92,1,117,1315,147,3407,302,823,11,269,2983,706,6986,111,30,1225,731,11065,1690,5327,44141,2138,1247,1571,5794,37795,7,23416,88
1997/07,497,21,112,1,125,1405,252,3549,268,914,9,274,3079,730,7196,112,30,1225,751,11377,1919,5912,45305,2113,1340,1633,5997,38376,7,24341,86
1997/08,536,25,108,0,130,1420,201,3264,170,813,10,277,3108,730,6944,117,31,1197,777,11290,1828,5954,45012,2096,1359,1608,5902,37205,8,24558,79
1997/09,523,22,110,0,122,1420,224,3287,268,889,8,271,3042,706,6733,113,27,1217,628,11200,1753,5707,43976,2062,1173,1592,5681,38283,7,23771,76
1997/10,538,31,96,0,121,1390,219,2672,301,812,10,285,3185,730,6922,115,36,1264,656,11477,1914,5895,45536,2055,1319,1699,5887,39869,7,24685,77
1997/11,511,23,86,1,125,1375,191,2811,269,318,8,283,3108,706,6579,111,29,1219,627,10946,1779,5714,44460,2069,1276,1690,5575,38340,7,23875,73
1997/12,554,17,94,1,135,1330,224,3539,114,1143,9,286,3196,730,6857,114,29,1207,657,11288,1834,5792,45313,2293,1320,1680,5939,39987,5,24627,72
1998/01,523,19,146,1,136,1295,197,3522,416,870,9,286,3139,612,6816,113,34,1181,746,11210,1986,6840,45909,2038,1386,1681,5945,38097,6,24612,69
1998/02,498,18,119,1,102,1130,187,3191,121,809,8,269,2727,574,6386,100,23,1027,668,11218,1830,5463,41312,1873,1267,1538,4891,34661,5,21380,64
1998/03,480,19,152,0,124,1165,197,2372,324,785,8,294,3039,636,6638,106,27,1108,730,11293,2056,6616,45140,2044,1400,1709,5529,37847,5,24102,72
1998/04,479,20,174,1,123,1155,188,3244,253,800,9,284,3023,608,6822,108,22,1044,707,11355,1927,6270,43016,1930,1435,1630,5571,36009,5,23577,66
1998/05,542,19,164,0,122,1162,174,3070,224,849,9,291,3115,518,6944,104,24,999,696,11306,1915,6222,43723,1949,1475,1539,5075,36375,6,24327,65
1998/06,531,17,168,1,115,1117,172,2763,244,700,7,267,2977,520,6331,99,18,1011,636,11287,1982,5858,41599,1836,1383,1607,5463,34046,6,23428,62
1998/07,518,18,184,0,124,1135,190,3139,218,762,9,258,2986,561,6639,101,23,1032,677,11139,1897,5690,41721,1838,1406,1616,5504,35819,7,24116,67
1998/08,504,18,169,1,126,1127,189,3075,216,706,7,257,2972,502,6561,100,24,1045,673,11136,1818,5443,41772,1849,1407,1612,5411,35108,9,24258,84
1998/09,427,20,191,0,135,1120,187,2676,216,668,7,246,2849,588,6312,93,27,964,628,11123,1641,5586,40185,1785,1346,1616,5263,32796,9,23144,63
1998/10,461,18,187,0,133,1113,183,3082,257,706,8,256,2968,466,6276,95,27,1016,645,11094,1683,6135,41157,1670,1276,1599,5458,37099,8,23509,64
1998/11,465,15,168,0,118,1110,183,2715,216,642,6,237,2871,498,6003,93,18,970,606,11051,1650,6002,39708,1700,1329,1529,5409,35037,6,23462,62
1998/12,543,16,158,0,113,1103,161,2692,216,697,6,231,2897,458,5850,94,20,1001,585,11008,1646,6203,39420,1852,1373,1523,5263,35956,6,23712,61
1999/01,455,14,119,1,112,995,161,2050,186,708,6,225,2822,479,6052,91,24,982,632,10453,1458,5435,39197,1672,1253,1485,5329,36094,5,23434,63
1999/02,391,13,103,0,114,1035,146,2351,185,662,6,203,2550,492,5649,83,25,890,550,10249,1348,4947,35443,1464,1240,1313,4739,30905,4,21247,57
1999/03,418,16,114,1,135,1027,174,1891,217,668,6,216,2809,555,6268,94,27,959,601,10083,1482,5540,38576,1659,1184,1453,5296,35148,5,23321,62
1999/04,398,18,131,1,131,1055,166,2239,223,673,7,213,2732,537,6010,96,32,884,583,10143,1434,5435,37050,1484,1235,1384,5064,31669,6,22412,59
1999/05,370,16,114,1,125,1005,154,2189,212,665,8,221,2820,496,6076,93,30,945,587,10105,1513,5559,38147,1513,1294,1410,5197,33719,6,22798,59
1999/06,372,17,129,0,109,1005,173,2361,237,665,7,217,2726,492,5745,89,24,911,564,10039,1417,5299,36136,1539,1257,1332,4994,29021,8,22087,58
1999/07,421,19,128,1,116,997,164,2377,250,649,8,214,2783,513,5783,90,26,963,593,9977,1472,5466,37374,1532,1285,1355,5125,30686,8,22967,61
1999/08,431,19,125,1,129,1008,176,2847,252,613,8,229,2741,507,5856,91,28,895,587,9898,1479,5505,37109,1540,1304,1360,5165,31337,6,22528,59
1999/09,395,18,132,1,129,1004,167,2706,263,643,9,223,2651,492,5660,90,31,881,606,9839,1552,5329,36442,1483,1256,1282,5066,28001,6,22702,57
1999/10,421,19,123,0,126,938,133,2759,247,630,9,238,2786,454,5678,90,33,973,614,9799,1563,5363,38109,1561,1262,1311,5110,33109,5,23515,58
1999/11,420,18,130,0,121,1031,178,2610,246,630,9,226,2682,480,5816,93,32,906,606,9742,1633,5166,37180,1484,1149,1266,4999,30704,4,22755,57
1999/12,403,19,123,1,124,965,172,2666,259,630,9,238,2781,473,5963,100,32,935,629,9681,1600,5332,38470,1538,1218,1302,5042,32806,3,23251,57
2000/01,360,16,111,0,118,997,179,3062,128,481,8,240,2766,510,5844,98,28,934,578,9132,1594,5846,38241,1631,1314,1366,5185,31751,5,22784,56
2000/02,349,19,108,0,88,1027,170,2804,267,145,7,228,2627,507,5996,87,40,858,592,8580,1465,5503,36030,1494,1244,1275,4872,29906,3,21332,53
2000/03,373,19,145,1,124,1025,187,2859,394,797,9,249,2818,661,6112,96,35,919,624,9183,1669,5802,38258,1615,1327,1348,5201,31395,3,22865,55
2000/04,385,16,108,1,114,1030,166,2841,306,507,8,246,2722,500,5843,98,25,887,601,8795,1625,5649,36836,1521,1287,1290,5001,30241,2,22234,52
2000/05,411,17,130,1,133,1035,185,2967,237,797,9,250,2804,567,5978,99,26,905,623,8943,1701,5841,37606,1568,1320,1317,5197,29934,5,23086,52
2000/06,379,17,130,1,129,1040,184,2922,354,749,9,247,2698,537,5723,95,29,884,571,8576,1695,5528,36234,1510,1315,1312,4998,27758,8,22220,52
2000/07,389,17,128,1,118,1039,174,2830,249,789,9,251,2748,509,5853,100,28,866,593,8808,1704,5654,37121,1555,1310,1320,5069,28288,7,22971,52
2000/08,396,19,137,1,126,1015,187,3262,308,1199,9,250,2713,555,5719,95,27,864,578,8976,1691,5539,37177,1553,1266,1309,5087,28343,6,22798,49
2000/09,386,20,132,1,119,991,167,2732,366,699,7,250,2668,563,6040,90,30,834,576,8473,1659,5398,35866,1495,1224,1271,4948,26767,6,22292,49
2000/10,418,18,132,1,119,1008,181,2737,288,558,7,256,2805,635,5583,106,29,849,624,8740,1724,5488,36999,1536,1296,1282,5150,29935,5,23253,51
2000/11,386,20,129,0,108,987,168,2613,185,861,6,242,2630,560,5613,100,28,816,567,8337,1631,5361,35848,1480,1251,1253,4962,29566,4,22365,49
2000/12,394,12,110,1,104,1012,150,2834,383,325,6,248,2720,471,5672,106,21,841,627,8882,1686,5589,37181,1523,1274,1293,5056,31315,5,22932,51
2001/01,427,11,140,1,100,838,167,2887,212,517,7,251,2763,543,5757,105,32,828,645,8719,1684,5789,37020,1479,1319,1273,5002,30384,3,22160,47
2001/02,359,12,124,2,94,784,158,2507,227,485,7,224,2480,500,5307,97,28,734,603,8282,1544,5387,33270,1291,1192,1162,4494,27367,3,20302,45
2001/03,388,14,137,1,102,876,174,3101,266,505,8,251,2739,537,6218,106,31,817,651,9030,1727,5799,36603,1440,1345,1322,4970,31271,3,22430,49
2001/04,383,14,135,1,102,844,168,2880,267,490,8,241,2635,513,5954,103,37,788,657,8825,1764,5692,35464,1383,1288,1296,4802,29594,4,21677,49
2001/05,393,15,148,1,109,914,188,2888,288,484,8,255,2742,520,5881,105,33,797,653,9176,1711,5845,36204,1418,1341,1342,4931,29669,7,21966,50
2001/06,361,15,139,0,103,820,127,2862,243,636,8,247,2567,509,5811,101,30,739,626,8779,1573,5507,34606,1362,1291,1282,4665,28048,5,21403,46
2001/07,356,17,129,1,105,843,176,2825,258,639,8,240,2674,491,5632,109,32,783,646,9059,1594,5657,35747,1397,1321,1302,4847,28725,7,22162,49
2001/08,367,15,140,1,111,877,194,2905,259,592,8,248,2675,537,5557,109,28,786,641,8754,1558,5758,35622,1387,1386,1277,4762,28768,7,22115,48
2001/09,372,13,125,1,97,778,138,2678,216,628,8,242,2576,450,5499,105,27,771,611,8378,1536,5558,34127,1333,1355,1241,4721,26749,6,21385,46
2001/10,351,14,147,1,109,872,186,2952,263,835,7,250,2653,490,5763,107,25,788,635,8593,1707,5842,35770,1367,1396,1272,4823,27734,4,21800,48
2001/11,337,14,130,0,101,822,173,2712,240,786,7,236,2560,476,5501,104,23,757,625,8536,1502,5543,34253,1314,1356,1219,4656,30686,5,21353,46
2001/12,332,12,126,1,93,824,173,2745,230,778,7,237,2627,485,5651,104,25,746,599,8479,1628,5624,35611,1349,1330,1264,4760,32416,5,21910,49
2002/01,337,15,197,2,133,857,174,2761,223,625,8,237,2624,478,5756,103,25,734,621,8193,1697,5804,35477,1733,1451,1241,4723,32101,4,21780,50
2002/02,318,13,178,1,109,784,133,2623,131,567,6,215,2404,432,4999,93,21,689,554,7599,1571,5238,31959,1581,1297,1121,4238,28864,3,19875,45
2002/03,352,14,197,2,135,809,163,2755,299,592,7,235,2628,478,5722,106,20,764,607,8348,1679,5700,34903,1740,1416,1222,4631,32109,6,22550,48
2002/04,281,12,191,3,114,878,169,2850,203,581,8,230,2533,463,5698,97,24,741,600,7977,1610,5631,33653,1709,1367,1143,4566,30267,6,21311,45
2002/05,305,14,197,1,118,935,159,2907,239,612,11,236,2611,478,5830,98,20,735,609,8348,1692,5782,34596,1730,1413,1193,4693,31065,6,22103,48
2002/06,297,12,191,2,121,958,150,2704,255,590,8,226,2505,463,5516,93,22,732,603,7995,1624,5445,32975,1643,1371,1123,4495,30567,6,21149,47
2002/07,285,15,197,4,149,1049,190,2925,214,600,9,226,2583,478,5655,101,25,734,615,7976,1683,5599,33876,1668,1429,1132,4597,28873,6,21738,47
2002/08,305,14,197,3,112,973,166,2842,262,591,8,240,2647,478,5614,105,21,730,630,8024,1603,5540,33968,1715,1447,1148,4624,29905,5,21890,47
2002/09,289,15,191,2,118,902,165,2731,138,567,7,229,2539,463,5377,103,23,696,593,7097,1525,5672,32904,1716,1403,1079,4497,26574,6,21148,45
2002/10,297,14,197,3,142,996,176,2675,247,573,7,236,2613,478,5473,105,24,717,609,6576,1572,5719,33980,1770,1470,1136,4636,30477,6,21879,45
2002/11,268,13,191,1,106,1024,151,2811,303,549,7,228,2535,463,5499,104,24,690,600,7485,1531,5632,33233,1701,1440,1112,4481,27237,5,21062,43
2002/12,299,13,197,1,100,937,165,2795,208,773,7,245,2580,478,5282,107,28,674,610,7703,1582,5799,34252,1815,1486,1121,4620,31341,5,21415,42
2003/01,286,9,209,1,116,1006,156,2918,164,553,7,240,2556,481,5840,110,32,707,623,7703,1686,5695,34336,1800,1511,1144,4660,30505,5,21667,44
2003/02,235,9,189,2,93,880,139,2519,181,507,6,216,2316,434,4800,96,29,634,564,7092,1496,5121,31046,1633,1413,1032,4179,28420,4,19402,40
2003/03,280,10,209,0,103,1035,158,2905,153,549,8,244,2531,481,5775,97,34,692,639,7929,1710,5690,34578,1780,1540,1132,4524,31682,2,21315,43
2003/04,260,12,203,3,190,989,155,2818,355,538,7,231,2405,465,5601,100,31,645,609,7685,1690,5442,33273,1766,1528,1085,4396,29127,1,20508,38
2003/05,259,14,209,2,117,986,158,2877,239,550,7,237,2462,481,5561,102,26,619,632,7861,1664,5616,34030,1813,1581,1109,4551,30704,4,21046,45
2003/06,284,12,203,0,125,958,154,2796,204,521,7,232,2398,465,5350,94,21,629,592,7501,1535,5418,32560,1779,1544,1077,4312,29734,4,20351,41
2003/07,287,13,209,2,123,1010,167,2918,222,530,8,231,2484,481,5501,101,21,628,613,7543,1572,5640,33571,1788,1626,1104,4454,28724,4,20882,43
2003/08,247,12,209,1,113,977,154,2813,224,517,7,233,2481,481,5341,105,26,678,610,7551,1564,5617,33529,1801,1665,1089,4421,29294,4,20887,41
2003/09,277,14,203,1,123,944,153,2834,192,498,7,223,2422,465,5227,101,22,659,593,7300,1537,5462,32843,1830,1649,1036,4355,28913,5,20277,40
2003/10,292,15,209,3,121,992,165,2974,239,500,7,229,2458,481,5380,111,24,670,615,7403,1634,5653,34071,1850,1783,1097,4464,29981,5,21002,41
2003/11,269,12,203,2,122,911,141,2711,236,475,7,219,2399,465,5047,108,21,656,549,7145,1584,5533,32850,1778,1758,1067,4247,28894,5,20113,39
2003/12,286,11,209,2,134,1009,166,2889,130,730,7,217,2497,481,5491,111,24,677,570,7304,1627,5703,33977,1892,1821,1126,4407,29623,5,20643,40
2004/01,290,10,203,1,124,857,130,2846,288,475,7,214,2454,490,5393,115,33,663,598,7194,1629,5754,33797,1832,1795,1137,4353,30252,1,20442,40
2004/02,260,12,190,1,141,835,135,2605,156,464,6,200,2306,458,5009,111,23,599,556,6781,1516,5281,31700,1773,1671,1099,4073,27071,1,19272,36
2004/03,259,14,203,2,150,970,159,2995,194,482,8,213,2546,490,5568,115,38,667,606,7404,1627,5622,33758,1939,1925,1164,4384,30348,5,20422,40
2004/04,256,13,196,2,141,915,155,2777,251,467,7,208,2497,474,5322,109,29,629,578,7061,1589,5383,32461,1901,1898,1174,4205,28499,5,19784,38
2004/05,260,13,203,2,158,925,150,2883,213,468,7,214,2603,490,5583,109,29,619,576,7243,1624,5542,33223,1943,2007,1239,4338,29192,5,20534,38
2004/06,232,14,196,1,143,913,150,2816,220,482,7,203,2533,474,4990,108,28,620,533,6904,1521,5248,31709,1899,2056,1179,4259,27566,5,19778,37
2004/07,235,14,203,1,148,924,152,2795,211,497,8,208,2593,490,5416,118,27,613,569,7168,1594,5357,32762,1885,2104,1247,4376,25130,5,20233,36
2004/08,226,17,203,1,148,937,150,2946,142,499,9,213,2673,490,5484,113,26,648,630,7154,1613,5378,32838,1919,2147,1260,4449,21720,5,20188,40
2004/09,126,15,196,4,144,918,149,2791,246,482,7,205,2610,474,5293,114,37,430,529,6110,1540,5165,32023,1839,2182,1266,4313,26080,4,19549,41
2004/10,235,18,203,1,148,915,150,2833,235,478,7,212,2734,490,5400,117,35,649,541,6645,1665,5342,33090,1879,2299,1320,4468,28977,6,20153,41
2004/11,257,16,196,1,153,930,142,2677,112,467,8,205,2735,474,4959,110,29,648,517,6726,1655,5177,32073,1831,2273,1310,4316,28408,6,19615,38
2004/12,268,14,203,2,137,945,132,2913,282,690,7,211,2868,490,5560,117,28,656,514,6880,1668,5268,33281,1894,2362,1350,4407,29199,5,20169,39
2005/01,279,13,209,2,124,819,111,2566,101,472,7,207,2797,481,5073,112,36,684,528,7015,1502,5353,33740,1892,2363,1323,4345,28462,5,19569,40
2005/02,219,13,189,2,118,772,129,2569,215,430,6,188,2590,434,4832,98,26,619,488,6475,1423,4824,30718,1760,2334,1228,3979,25674,4,17839,35
2005/03,254,13,209,2,238,922,152,2902,268,473,7,211,2957,481,5543,112,32,685,459,7322,1591,5305,34033,1962,2619,1358,4332,28537,4,19710,39
2005/04,242,12,202,2,109,858,151,2825,220,449,7,203,2820,465,5269,115,27,660,530,7148,1525,5067,32706,1873,2610,1311,4159,26803,4,19078,37
2005/05,251,13,209,3,127,864,152,2827,114,472,8,210,2889,481,5346,127,27,677,545,7406,1564,5242,33439,2035,2724,1402,4308,27682,4,19512,39
2005/06,223,14,202,3,130,875,158,2822,283,448,7,199,2869,465,4358,121,25,702,518,7057,1508,5001,32094,1912,2660,1375,4241,24938,5,18986,37
2005/07,136,13,209,3,143,854,153,2802,249,458,8,199,3039,481,5367,121,26,569,533,6821,1515,5062,32887,1933,2780,1397,4445,24133,5,19427,38
2005/08,180,18,209,2,148,881,156,2945,156,478,7,204,3097,481,4412,135,26,623,535,6576,1374,5064,33012,2015,2919,1437,4442,25904,5,19347,38
2005/09,193,20,202,2,143,843,145,2846,256,462,7,202,3041,465,5262,130,29,652,501,3797,1162,4827,31152,1930,2860,1429,4337,24455,5,18720,36
2005/10,208,22,209,3,143,844,150,2880,152,495,7,204,3188,481,5372,139,26,689,533,4710,1564,5249,33176,2016,2993,1493,4447,26714,4,19284,37
2005/11,192,26,202,2,134,821,145,2796,206,465,7,192,3155,465,5227,131,23,648,499,5206,1460,4910,32387,1966,2926,1433,4367,26156,4,18649,35
2005/12,209,22,209,2,140,854,125,2840,316,630,7,189,3232,481,5201,131,21,653,506,5667,1507,5062,33257,1931,2999,1488,4365,25929,3,19169,36
2006/01,199,23,220,1,125,887,191,3010,208,474,7,199,3054,462,5429,125,23,624,495,5908,1527,5177,33639,2044,3034,1446,4452,25779,4,19750,37
2006/02,180,19,199,1,125,786,131,2696,133,442,7,182,2908,417,4743,108,20,596,456,5418,1224,4688,30439,1828,2737,1298,3966,22979,3,17274,33
2006/03,199,25,220,2,196,888,150,3030,240,495,7,198,3280,462,5558,118,23,678,509,6158,1437,5072,33691,2096,3087,1489,4493,23322,4,18973,36
2006/04,195,24,213,1,134,860,145,2930,211,473,7,190,3102,447,5232,97,10,649,492,5936,1440,4869,32383,2022,2910,1495,4358,24007,4,18271,35
2006/05,214,26,220,1,145,893,150,3116,182,492,8,194,3395,462,5499,116,13,638,508,6198,1493,5069,33158,2135,3076,1501,4473,24838,5,19035,37
2006/06,194,27,213,2,141,871,146,2992,237,471,7,192,3349,447,5326,113,12,627,529,6097,1434,4863,31960,2015,2994,1452,4292,23429,4,18309,34
2006/07,213,27,220,1,137,868,142,2999,225,486,8,198,3421,462,5533,114,12,653,483,6352,1509,4969,32932,2094,3113,1541,4485,21112,7,18756,36
2006/08,213,29,220,1,155,892,153,3075,167,489,8,196,3482,462,5439,117,15,622,501,6349,1476,4602,32806,2096,3121,1578,4487,19244,6,18723,36
2006/09,206,24,213,1,146,837,137,2978,234,471,7,189,3397,447,5302,115,17,592,477,6112,1431,4908,32121,2026,3061,1552,4363,19650,5,18279,34
2006/10,193,30,220,2,138,857,138,3032,112,478,8,194,3524,462,5423,123,18,632,505,6249,1463,5061,33438,2170,3131,1536,4560,22132,5,18926,36
2006/11,192,31,213,1,140,837,148,3013,167,461,7,191,3461,447,5143,122,15,606,495,6287,1420,5068,32506,2072,2961,1531,4436,19649,5,18270,34
2006/12,162,33,220,2,143,849,141,2798,224,597,7,190,3569,462,5610,126,16,623,499,6558,1502,5108,33408,1967,3070,1509,4609,24339,4,18813,37
2007/01,190,33,237,1,155,803,136,2676,199,462,7,178,3566,438,4809,114,21,613,501,6521,1518,5012,32790,1891,3064,1464,4522,23934,3,18745,39
2007/02,167,26,214,2,137,659,116,2627,148,410,6,167,3268,395,4843,108,15,540,474,5915,1543,4659,30191,1803,2720,1456,4122,21088,3,16843,34
2007/03,163,27,237,2,223,874,146,3051,249,457,6,194,3661,438,5525,128,26,627,520,6693,1910,5041,33501,2194,3015,1658,4602,23137,4,18418,36
2007/04,168,27,229,2,166,786,140,3077,86,434,6,193,3560,424,5453,121,20,531,491,6455,1611,4916,32481,2222,2880,1647,4523,22345,3,17895,37
2007/05,161,30,237,2,176,838,142,3196,365,473,7,199,3737,438,5351,131,19,579,524,6660,1658,4995,33244,2306,3016,1746,4638,23725,4,18709,37
2007/06,152,30,229,1,175,790,146,3012,234,453,7,193,3671,424,5053,125,25,573,503,6383,1667,4786,31743,2187,2877,1642,4482,21430,4,17959,31
2007/07,152,34,237,2,153,834,142,3155,219,472,7,208,3833,438,5434,142,24,616,508,6502,1746,4892,32825,2227,2953,1688,4527,22198,4,18587,30
2007/08,163,38,237,2,168,831,154,3406,247,457,7,209,3866,438,5804,146,28,640,508,6395,1768,4989,32977,2296,2941,1693,4617,19957,1,18418,33
2007/09,184,35,229,2,155,816,140,3045,250,459,7,196,3812,424,5543,157,30,620,492,6253,1738,4787,32075,2150,2819,1613,4469,19179,5,17863,33
2007/10,184,39,237,2,164,824,162,3349,108,488,7,208,4007,438,5522,175,25,601,503,6368,1830,5044,33229,2343,2957,1654,4599,21642,5,18555,36
2007/11,190,34,229,1,155,785,152,3171,263,471,8,196,3923,424,5358,160,25,571,497,6317,1819,4955,32515,2289,2781,1627,4491,22188,4,18062,31
2007/12,203,29,237,2,166,768,152,2826,298,608,6,195,4217,438,5255,158,25,660,510,6517,1864,5104,33701,2207,2884,1647,4524,22773,3,18402,31
2008/01,201,32,254,2,170,812,155,3385,108,487,6,191,4264,433,5775,150,24,642,520,6377,1785,5042,33914,2246,2790,1653,4443,22027,3,18082,32
2008/02,168,29,238,1,167,682,132,3053,256,506,6,183,3998,405,4764,142,26,620,479,6054,1688,4815,32020,2216,2581,1576,4164,20479,1,17243,31
2008/03,184,26,254,1,225,806,141,3285,155,548,7,197,4459,433,5939,153,30,655,512,6536,1848,5141,34549,2458,2738,1763,4516,22517,5,18171,36
2008/04,172,35,246,1,197,798,143,3240,199,503,7,190,4522,419,4981,148,29,537,504,6375,1746,4857,33397,2386,2625,1819,4459,21033,4,17703,36
2008/05,104,34,254,1,187,787,156,3244,412,530,9,194,4849,433,5883,86,34,665,514,6563,1837,5009,34404,2473,2674,1871,4509,21220,5,18227,37
2008/06,156,36,246,2,180,777,141,3204,156,491,8,190,4987,419,5566,143,27,632,501,6446,1942,4822,32920,2424,2582,1812,4328,19655,5,17488,36
2008/07,172,37,254,1,168,834,162,3200,215,519,9,197,5364,433,5729,150,25,651,517,6629,1852,5073,34429,2472,2605,1887,4482,19829,5,18159,37
2008/08,161,34,254,2,172,822,169,3408,323,532,9,213,5571,433,5870,150,33,657,517,6283,1841,5035,34421,2531,2604,1919,4494,16879,5,18235,39
2008/09,156,33,246,1,171,795,165,3475,130,509,10,213,5697,419,5732,146,25,635,485,3387,1796,4699,31673,2629,2584,1881,4334,20432,5,17596,38
2008/10,175,34,254,1,171,818,176,3451,244,525,10,217,6325,433,5732,147,33,659,518,5754,1983,5218,34889,2614,2674,1986,4482,22193,5,18135,39
2008/11,178,30,246,1,151,744,157,3321,327,512,10,203,6469,419,5654,137,23,665,499,5941,1843,5117,34243,2585,2573,1966,4413,21846,4,17540,37
2008/12,125,28,254,1,168,773,162,3396,120,606,9,207,6275,433,5734,143,28,677,512,6009,1944,5315,35149,2559,2565,1908,4419,21765,4,17887,37
2009/01,58,25,247,1,85,695,131,3457,315,525,8,202,5820,414,5507,154,23,639,504,5390,1961,5308,35121,2597,2518,2000,4457,21039,3,17859,37
2009/02,53,22,223,1,97,702,137,3138,190,484,7,185,5386,374,5636,135,21,577,462,5069,1793,4904,31590,2428,2305,1837,4002,19820,3,16071,33
2009/03,55,25,247,1,178,840,154,3337,170,512,7,195,6055,414,5701,142,24,635,494,5721,1976,5367,34665,2642,2509,2016,4349,21982,4,17831,38
2009/04,59,24,239,1,110,757,150,3273,105,502,8,184,5901,401,5836,138,23,614,485,5484,1975,4988,33306,2436,2385,1931,4278,19577,3,17166,33
2009/05,66,28,247,1,104,761,137,3282,343,516,8,192,6386,414,6100,137,22,619,494,5758,1960,5178,33765,2541,2438,2021,4393,21008,4,17691,33
2009/06,57,32,239,1,175,753,142,3299,154,509,8,187,6452,401,5926,138,27,576,474,5590,1937,4880,32131,2493,2322,1909,4264,17122,4,17146,34
2009/07,59,29,257,1,105,772,157,3422,318,508,8,188,7064,414,5767,134,22,578,486,5783,2008,4968,32952,2505,2336,1913,4291,17089,5,17486,35
2009/08,63,29,257,1,114,761,158,3294,120,511,8,187,7203,414,4326,133,20,594,494,5786,1991,5074,33069,2548,2279,1907,4249,17733,4,17502,44
2009/09,60,33,249,1,163,769,157,3287,314,514,8,182,7140,401,5676,134,21,573,476,5692,1933,4943,32432,2479,2212,1820,4221,19562,4,16927,33
2009/10,54,34,257,1,108,783,162,3244,215,538,9,185,7440,414,5519,141,21,596,461,5794,2035,5192,33499,2507,2241,1914,4391,20401,5,17360,36
2009/11,53,27,249,1,99,735,157,3256,149,523,12,179,7375,401,5334,140,20,586,459,5550,1991,5175,33022,2539,2134,1826,4347,19865,4,16778,42
2009/12,60,28,257,1,164,769,161,3176,216,581,13,174,7507,414,5310,132,24,603,466,5672,2072,5165,33792,2513,2157,1849,4289,20294,2,17160,39
2010/01,101,26,280,1,136,772,137,3191,327,595,12,182,7329,404,4971,114,30,563,470,5390,2062,5257,34053,2661,2094,1836,4345,19849,2,17093,37
2010/02,114,25,253,1,119,664,136,3014,135,540,13,171,7319,365,5013,132,27,499,440,5068,1872,4998,31389,2463,1981,1702,4001,17782,2,15495,34
2010/03,125,28,280,1,148,775,161,3431,157,600,16,191,8607,404,5830,140,30,597,496,5720,2040,5564,35237,2709,2169,2020,4523,20030,1,17281,39
2010/04,133,30,271,1,157,795,154,3426,176,552,17,185,8556,391,5736,129,29,552,472,5484,1942,5243,34114,2631,2061,1984,4389,19190,2,16733,37
2010/05,166,28,280,1,153,750,144,3381,304,544,15,194,9268,404,5651,129,30,577,493,5750,2018,5503,35528,2754,2140,2079,4543,17710,4,17301,39
2010/06,158,33,271,1,174,769,158,3442,205,549,15,190,9444,391,5648,125,29,565,483,5591,1955,5181,34155,2557,2045,2055,4389,16034,5,16670,32
2010/07,170,35,340,2,163,773,160,3442,213,584,12,197,9973,404,6246,134,30,615,479,5783,2025,5531,35728,2544,2145,2151,4511,16886,4,17130,34
2010/08,168,35,340,1,156,758,161,3469,132,596,10,204,10230,404,5683,139,30,629,478,5786,2033,5567,36162,2847,2153,2191,4519,16686,3,17207,34
2010/09,157,36,329,1,161,759,158,3392,273,609,9,198,10299,391,5513,148,29,626,475,5692,1973,5323,35732,2843,2139,2143,4436,18413,5,16618,34
2010/10,154,34,340,1,167,769,157,3396,210,600,9,203,10660,404,5812,143,30,634,490,5794,2042,5726,37714,2923,2190,2211,4549,19173,5,16720,36
2010/11,155,34,329,1,164,743,156,3321,72,570,10,205,10711,391,6334,138,29,639,473,5550,2006,5685,37291,2868,2097,2125,4403,18185,4,16428,35
2010/12,176,33,340,0,144,742,153,3564,313,604,9,211,10668,404,6471,135,30,658,485,5671,2112,5798,39646,2964,2118,2176,4508,18966,3,16564,36
2011/01,172,31,299,1,161,742,151,3352,165,616,10,204,10631,412,6432,138,30,638,484,5660,2100,5898,39726,2857,2031,2088,4403,14378,2,16516,34
2011/02,147,28,270,1,148,671,145,3049,95,542,10,184,9766,372,4764,124,27,596,443,5142,1889,4581,34341,2737,1868,1913,3989,17114,2,15007,31
2011/03,173,31,299,1,179,742,161,3659,211,591,11,206,11166,412,6807,139,30,664,491,5981,2053,6002,41403,3215,2059,2199,4545,18940,2,16552,32
2011/04,166,30,290,1,172,719,150,3416,194,564,12,202,10538,399,6596,133,29,649,474,5610,1993,5793,40396,3188,1951,2148,4468,18183,2,16052,32
2011/05,169,31,299,1,181,742,143,3582,190,580,11,218,11282,412,6930,128,30,707,494,5777,2059,5970,43162,3271,2016,2199,4599,18043,3,16665,36
2011/06,162,30,290,1,168,719,165,3490,209,563,10,219,11575,399,6837,125,29,687,480,5537,1994,5790,42011,3201,1958,2166,4559,16603,3,16009,36
2011/07,164,31,289,1,182,742,170,3443,276,559,10,213,13186,412,4254,139,30,717,506,5696,2095,6076,44503,3278,2026,2234,4692,14036,2,16372,36
2011/08,144,31,289,1,238,742,181,3644,179,583,9,216,13833,412,6180,134,30,745,490,5805,2060,6178,46098,3419,2044,2246,4677,16310,6,16372,35
2011/09,173,30,280,0,186,719,177,3419,210,580,9,218,13919,399,6677,131,29,700,496,5542,1985,6005,46002,3381,1965,2226,4499,17544,3,15803,35
2011/10,187,31,289,1,180,742,184,3410,198,614,9,225,15201,412,6951,141,30,735,501,6110,2039,6226,49360,3529,2099,2341,4719,17539,4,16379,33
2011/11,182,30,280,1,176,719,182,3638,95,599,9,215,15316,399,6901,141,29,754,503,5952,1959,6348,49603,3542,2063,2269,4643,17794,4,15972,34
2011/12,185,31,289,1,176,742,177,3407,305,622,8,221,16602,412,7105,144,30,781,516,6157,1989,6420,52202,3626,2077,2302,4858,18345,3,16494,34
2012/01,182,30,330,1,187,754,172,3696,106,625,11,274,16967,434,7380,157,31,775,534,5963,1967,6720,53199,3701,2060,2323,4866,18374,4,16649,32
2012/02,174,28,309,1,192,706,165,3428,649,598,11,238,16801,406,6871,146,29,732,526,5476,1862,6257,51142,3533,1990,2281,4521,16885,3,15602,32
2012/03,180,30,330,1,225,754,188,3649,364,630,11,277,17993,434,7336,152,31,787,561,5953,2066,6798,55511,3906,2082,2412,4904,17592,4,16552,32
2012/04,163,29,320,1,211,730,166,3589,51,624,11,253,18340,420,7237,142,30,751,542,5814,1993,6687,55997,3649,2127,2372,4651,16571,4,16227,31
2012/05,171,30,330,1,204,754,186,3750,411,631,16,254,19975,434,7711,153,31,753,547,6116,2094,6943,59230,4064,2186,2472,4837,16926,3,16719,32
2012/06,179,29,320,1,205,730,181,3563,242,606,15,266,19933,420,7449,146,30,751,528,5799,2008,6802,58411,3752,2040,2436,4671,14790,4,16237,30
2012/07,189,30,398,1,184,754,184,3645,226,607,16,257,20977,434,7451,147,31,787,529,6102,2043,7305,61964,4002,2248,2564,4885,12872,5,16783,30
2012/08,173,30,398,1,217,754,199,3725,220,632,17,216,21839,434,7870,144,31,826,537,5515,1999,7320,63623,4069,2300,2664,4965,12539,5,16777,31
2012/09,172,29,385,0,191,730,202,3530,242,602,16,243,21884,420,7915,139,30,826,547,5155,1968,7337,62676,4159,2259,2636,4822,15062,5,16102,29
2012/10,181,30,398,0,232,754,248,3856,215,618,18,268,23221,434,8672,143,31,847,561,6344,2074,7780,66734,4737,2446,2773,4938,16946,5,16822,30
2012/11,188,29,385,1,256,730,241,3673,189,601,17,244,22064,420,8419,144,30,837,576,6129,2009,7482,66448,4765,2348,2683,4779,16596,6,16182,29
2012/12,184,30,398,0,269,754,219,3639,280,648,17,233,23836,434,8677,142,31,854,550,6282,2071,7785,69252,4973,2410,2653,4998,17215,5,16559,29
2013/01,187,27,370,1,362,817,226,3956,152,672,19,197,22912,547,9755,150,29,901,567,6136,2063,7855,70376,4801,2388,2577,4934,17012,5,16523,27
2013/02,167,24,334,1,370,724,186,3259,177,611,14,186,21882,494,6494,142,26,807,519,5657,1861,7223,65378,4466,2196,2368,4535,15146,5,14984,28
2013/03,200,27,370,1,482,805,205,4090,342,651,15,209,24386,547,8556,165,29,883,566,6151,2057,8022,73847,5023,2480,2788,5366,16521,5,16874,30
2013/04,120,26,358,1,469,792,201,4001,90,615,16,203,23822,609,10359,154,28,844,552,5896,2032,8225,72301,4937,2474,2745,5101,15675,5,16419,29
2013/05,169,27,370,1,589,800,196,4063,260,642,18,213,25175,630,9544,149,29,878,554,6168,2077,8511,76940,5098,2525,2972,5392,15977,7,16974,27
2013/06,167,26,358,0,647,754,198,3829,400,615,17,205,24732,609,9688,143,28,831,538,6020,1958,8256,75443,5093,2398,2870,5240,14567,6,16324,28
2013/07,172,27,467,1,697,808,200,3911,124,645,15,218,27099,884,9769,147,29,875,546,6137,2059,8596,79513,5519,2553,3079,5261,15282,6,16889,29
2013/08,197,27,467,1,704,839,205,3990,336,654,18,233,28317,884,9945,156,29,893,567,6162,2055,8896,80267,5790,2558,3162,5533,13270,5,16973,28
2013/09,200,26,452,1,643,776,186,3840,124,643,17,236,28058,855,10012,154,28,851,543,5870,1950,8821,79480,4938,2414,3110,5436,15332,4,16407,28
2013/10,203,27,467,1,633,815,202,4164,313,657,18,272,29340,919,10519,147,29,896,561,5878,2013,9037,82449,6439,2491,3248,5515,16136,5,16902,26
2013/11,197,26,452,0,662,769,198,3845,395,630,17,287,29365,889,10246,153,28,867,542,5778,1936,8359,80146,6405,2429,3161,5502,16070,4,16558,27
2013/12,196,27,467,1,681,789,196,3892,181,666,16,321,28817,919,9733,151,29,866,584,5965,1996,8999,84154,6372,2382,3057,5379,16924,4,16927,27
2014/01,182,27,502,1,572,699,165,4280,258,586,15,298,29043,1106,10554,150,26,802,589,5697,1900,9221,87072,5194,2411,3183,5629,16792,4,17055,26
2014/02,166,24,453,0,534,657,157,3552,193,559,14,281,26689,999,9436,132,21,779,514,5242,1791,8559,80383,5593,2227,2983,5168,14428,5,15417,24
2014/03,190,27,502,1,740,784,197,4077,238,645,15,250,30267,1106,10759,122,27,840,645,5928,1981,9717,90819,6282,2452,3350,5945,16434,5,17054,27
2014/04,189,26,486,0,749,802,183,4066,287,613,19,227,30098,1233,10773,143,28,792,536,5634,1929,9740,89723,6365,2428,3377,5875,16100,5,16716,26
2014/05,191,27,502,0,695,813,206,4232,426,600,19,163,32255,1274,11171,145,27,839,568,5845,1999,10151,95374,7297,2450,3491,6217,16244,4,17360,27
2014/06,204,26,486,1,730,784,202,3910,265,575,19,225,32776,1233,10188,145,30,806,556,5685,1993,9732,92910,6951,2422,3436,6387,14537,4,16685,27
2014/07,194,27,516,1,537,839,221,4248,110,621,17,237,34547,1297,10828,150,28,791,573,5701,2039,10331,98527,6990,2543,3535,6496,13091,7,17330,29
2014/08,180,27,524,1,519,837,223,4225,379,596,19,217,35099,1197,10638,137,30,733,569,5772,2049,10553,100543,6707,2632,3105,6521,12335,7,17322,25
2014/09,167,26,564,0,587,822,242,4214,274,630,20,249,35539,1258,10445,146,33,809,572,5700,1977,9672,97553,6596,2555,3421,6405,14325,6,16763,27
